tdate,ths_规模以上工业企业_产成品存货_期末同比,nbs_房地产投资_累计增长_pct,nbs_房地产新开工施工面积累计增长_pct,nbs_新建商品房销售面积累计增长_pct,afre_社会融资规模存量_growth_pct,money_货币和准货币_M2,ths_金融机构_人民币贷款余额,ths_金融机构_新增人民币贷款_中长期贷款_当月值,ths_规模以上工业增加值_当月同比,nbs_固定资产投资额累计增长_pct,ths_进出口差额_人民币计价_当月值,ths_CPI_当月同比,ths_PPI_当月同比,nbs_制造业采购经理指数_pct,nbs_新订单指数_pct,nbs_原材料库存指数_pct,nbs_产成品库存指数_pct,nbs_主要原材料购进价格指数_pct,nbs_出厂价格指数_pct
2020-01-01,,,,,10.7,2023066.49,1564498.05,42731.56,-4.3135192,,3829.00040834,5.38,0.1,50.0,51.4,47.1,46.0,53.8,49.0
2020-02-01,8.7,-16.3,-44.9,-39.9,10.7,2030830.42,1573554.86,4528.0,-25.86705202,-24.5,-4269.85706547,5.17,-0.4,35.7,29.3,33.9,46.1,51.4,44.3
2020-03-01,14.9,-7.7,-27.2,-26.3,11.5,2080923.41,1602089.22,14391.6,-1.1,-16.1,1398.65697862,4.27,-1.5,52.0,52.0,49.0,49.1,45.5,43.8
2020-04-01,10.6,-3.3,-18.4,-19.3,12.0,2093533.83,1619066.91,9936.67,3.9,-10.3,3152.89427294,3.3,-3.1,50.8,50.2,48.2,49.3,42.5,42.2
2020-05-01,9.0,-0.3,-12.8,-12.3,12.5,2100183.74,1633888.15,9966.22,4.4,-6.3,4335.47820653,2.44,-3.7,50.6,50.9,47.3,47.3,51.6,48.7
2020-06-01,8.3,1.9,-7.6,-8.4,12.8,2134948.66,1651998.58,13640.91,4.8,-3.1,3165.77083839,2.48,-3.0,50.9,51.4,47.6,46.8,56.8,52.4
2020-07-01,7.4,3.4,-4.5,-5.8,12.9,2125458.46,1661925.21,12035.04,4.8,-1.6,4279.21623297,2.7,-2.4,51.1,51.7,47.9,47.6,58.1,52.2
2020-08-01,7.9,4.6,-3.6,-3.3,13.3,2136836.91,1674708.18,12823.01,5.6,-0.3,4039.27145791,2.38,-2.0,51.0,52.0,47.3,47.1,58.3,53.2
2020-09-01,8.2,5.6,-3.4,-1.8,13.5,2164084.8,1693665.4,17032.6,6.9,0.8,2462.89767714,1.72,-2.1,51.5,52.8,48.5,48.4,58.5,52.5
2020-10-01,6.9,6.3,-2.6,0.0,13.7,2149720.42,1700563.15,8171.77,6.9,1.8,3943.51293804,0.5,-2.1,51.4,52.8,48.0,44.9,58.8,53.2
2020-11-01,7.3,6.8,-2.0,1.3,13.6,2172002.55,1714899.83,10935.74,7.0,2.6,4992.54933297,-0.5,-1.5,52.1,53.9,48.6,45.7,62.6,56.5
2020-12-01,7.5,7.0,-1.2,2.6,13.3,2186795.89,1727452.07,9849.33,7.3,2.9,5013.0410269,0.2,-0.4,51.9,53.6,48.6,46.2,68.0,58.9
2021-01-01,,,,,13.0,2213047.33,1763234.93,30316.25,25.39857064,,4026.99693173,-0.3,0.3,51.3,52.3,49.0,49.0,67.1,57.2
2021-02-01,8.6,38.3,64.3,104.9,13.3,2236030.26,1776828.68,15155.0,52.33918129,35.0,2286.94399018,-0.2,1.7,50.6,51.5,47.7,48.0,66.7,58.5
2021-03-01,8.5,25.6,28.2,63.8,12.3,2276488.45,1804131.37,19461.68,14.1,25.6,735.54759963,0.4,4.4,51.9,53.6,48.4,46.7,69.4,59.8
2021-04-01,8.2,21.6,12.8,48.1,11.7,2262107.12,1818816.61,11523.01,9.8,19.9,2608.48069169,0.9,6.8,51.1,52.0,48.3,46.8,66.9,57.3
2021-05-01,10.2,18.3,6.9,36.3,11.0,2275538.07,1833780.32,10953.9,8.8,15.4,2784.33906667,1.3,9.0,51.0,51.3,47.7,46.5,72.8,60.6
2021-06-01,11.3,15.0,3.8,27.7,11.0,2317788.36,1854976.71,13540.21,8.3,12.6,3193.91320428,1.1,8.8,50.9,51.5,48.0,47.1,61.2,51.4
2021-07-01,13.0,12.7,-0.9,21.5,10.7,2302153.82,1865808.38,8910.91,6.4,10.3,3514.45489829,1.0,9.0,50.4,50.9,47.7,47.6,62.9,53.8
2021-08-01,14.2,10.9,-3.2,15.9,10.3,2312267.68,1877960.82,9473.64,5.3,8.9,3769.01800107,0.8,9.5,50.1,49.6,47.7,47.7,61.3,53.4
2021-09-01,13.7,8.8,-4.5,11.3,10.0,2342829.7,1894591.04,11640.91,3.1,7.3,4382.41094651,0.7,10.7,49.6,49.3,48.2,47.2,63.5,56.4
2021-10-01,16.3,7.2,-7.7,7.3,10.0,2336160.48,1902852.75,6410.56,3.5,6.1,5452.60745729,1.5,13.5,49.2,48.8,47.0,46.3,72.1,61.1
2021-11-01,17.9,6.0,-9.1,4.8,10.1,2356012.76,1915584.74,9237.81,3.8,5.2,4578.75245246,2.3,12.9,50.1,49.4,47.7,47.9,52.9,48.9
2021-12-01,17.1,4.4,-11.4,1.9,10.3,2382899.56,1926902.81,6894.73,4.3,4.9,5966.83579924,1.5,10.3,50.3,49.7,49.2,48.5,48.1,45.5
2022-01-01,,,,,10.5,2431022.72,1966521.17,27668.68,3.857957036,,5058.25095949,0.9,9.1,50.1,49.3,49.1,48.0,56.4,50.9
2022-02-01,16.8,3.7,-12.2,-9.6,10.2,2441488.9,1978857.03,4593.55,12.79590531,12.2,1663.98396605,0.9,8.8,50.2,50.7,48.1,47.3,60.0,54.1
2022-03-01,18.1,0.7,-17.5,-13.8,10.5,2497688.34,2010110.55,17136.52,5.0,9.3,2718.60140002,1.5,8.3,49.5,48.8,47.3,48.9,66.1,56.7
2022-04-01,20.0,-2.7,-26.3,-20.9,10.2,2499710.9,2016564.32,2337.88,-2.9,6.8,2942.52846349,2.1,8.0,47.4,42.6,46.5,50.3,64.2,54.4
2022-05-01,19.7,-4.0,-30.6,-23.6,10.5,2527026.15,2035448.45,6598.43,0.7,6.2,4858.83379338,2.1,6.4,49.6,48.2,47.9,49.3,55.8,49.5
2022-06-01,18.9,-5.4,-34.4,-22.2,10.8,2581451.2,2063511.81,18714.46,3.9,6.1,6183.99168235,2.5,6.1,50.2,50.4,48.1,48.6,52.0,46.3
2022-07-01,16.8,-6.4,-36.1,-23.1,10.7,2578078.57,2070301.63,4944.18,3.8,5.7,6622.38653509,2.7,4.2,49.0,48.5,47.9,48.0,40.4,40.1
2022-08-01,14.1,-7.4,-37.2,-23.0,10.5,2595068.27,2082843.52,10010.12,4.2,5.8,5197.16727165,2.5,2.3,49.4,49.2,48.0,45.2,44.3,44.5
2022-09-01,13.8,-8.0,-38.0,-22.2,10.6,2626600.92,2107581.92,17005.55,6.3,5.9,5558.65768422,2.8,0.948,50.1,49.8,47.6,47.3,51.3,47.1
2022-10-01,12.6,-8.8,-37.8,-22.3,10.3,2612914.57,2113733.7,4955.18,5.0,5.8,5620.36135913,2.1,-1.3,49.2,48.1,47.7,48.0,53.3,48.7
2022-11-01,11.4,-9.8,-38.9,-23.3,10.0,2647008.48,2125869.63,9469.64,2.2,5.3,4654.14593063,1.6,-1.3,48.0,46.4,46.7,48.1,50.7,47.4
2022-12-01,9.9,-10.0,-39.4,-24.3,9.6,2664320.84,2139852.67,13921.58,1.3,5.1,4866.84376748,1.8,-0.7,47.0,43.9,47.1,46.6,51.6,49.0
2023-01-01,,,,,9.4,2738072.06,2197455.14,40817.94,-9.793161672,,6412.98943603,2.1,-0.8,50.1,50.9,49.6,47.2,52.2,48.7
2023-02-01,10.7,-5.7,-9.4,-3.6,9.9,2755249.23,2215575.67,11991.05,18.77481566,5.5,798.00424104,1.0,-1.4,52.6,54.1,49.8,50.6,54.4,51.2
2023-03-01,9.1,-5.8,-19.2,-1.8,10.0,2814566.31,2254455.1,26956.66,3.9,5.1,5251.97513228,0.7,-2.5,51.9,53.6,48.3,49.5,50.9,48.6
2023-04-01,5.9,-6.2,-21.2,-0.4,10.0,2808469.34,2261643.47,5513.04,5.6,4.7,5830.16164464,0.1,-3.6,49.2,48.8,47.9,49.4,46.4,44.9
2023-05-01,3.2,-7.2,-22.6,-0.9,9.5,2820504.68,2275271.41,9381.57,3.5,4.0,4477.54811089,0.2,-4.6,48.8,48.3,47.6,48.9,40.8,41.6
2023-06-01,2.2,-7.9,-24.3,-5.3,9.0,2873023.83,2305766.69,20648.3,4.4,3.8,4835.72738932,0.0,-5.4,49.0,48.6,47.4,46.1,45.0,43.9
2023-07-01,1.6,-8.5,-24.5,-6.5,8.9,2854031.56,2309226.18,2039.75,3.7,3.4,5667.2752442,-0.3,-4.4,49.3,49.5,48.2,46.3,52.4,48.6
2023-08-01,2.4,-8.8,-24.4,-7.1,9.0,2869343.25,2322806.64,8045.43,4.5,3.2,4798.70741328,0.1,-3.0,49.7,50.2,48.4,47.2,56.5,52.0
2023-09-01,3.1,-9.1,-23.4,-7.5,9.0,2896659.11,2345924.92,17976.01,4.5,3.1,5400.5888449,0.0,-2.5,50.2,50.5,48.5,46.7,59.4,53.5
2023-10-01,2.0,-9.3,-23.2,-7.8,9.3,2882276.07,2353309.12,4535.33,4.6,2.9,4007.47944888,-0.2,-2.6,49.5,49.5,48.2,48.5,52.6,47.7
2023-11-01,1.7,-9.4,-21.2,-8.0,9.4,2912014.22,2364196.44,6791.09,6.6,2.9,4956.3191725,-0.5,-3.0,49.4,49.4,48.0,48.2,50.7,48.2
2023-12-01,2.1,-9.6,-20.4,-8.5,9.5,2922713.33,2375905.37,10018.42,6.8,3.0,5365.8430833,-0.3,-2.7,49.0,48.7,47.7,47.8,51.5,47.7
2024-01-01,,,,,9.5,2976250.2,2425047.89,39366.97,26.3,,5964.03588826,-0.8,-2.5,49.2,49.0,47.6,49.4,50.4,47.0
2024-02-01,2.4,-9.0,-29.7,-20.5,9.0,2995572.97,2439604.04,11889.88,-12.7,4.2,2910.45457639,0.7,-2.7,49.1,49.0,47.4,47.9,50.1,48.1
2024-03-01,2.5,-9.5,-27.8,-19.4,8.7,3047952.16,2470492.81,20491.51,4.5,4.5,4160.57284375,0.1,-2.8,50.8,53.0,48.1,48.9,50.5,47.4
2024-04-01,3.1,-9.8,-24.6,-20.2,8.3,3011941.98,2477817.72,2415.4,6.7,4.2,5100.4501694,0.3,-2.5,50.4,51.1,48.1,47.3,54.0,49.1
2024-05-01,3.6,-10.1,-24.2,-20.3,8.4,3018506.73,2487269.61,5526.15,5.6,4.0,5776.70250205,0.3,-1.4,49.5,49.6,47.8,46.5,56.9,50.4
2024-06-01,4.7,-10.1,-23.7,-19.0,8.1,3050161.54,2508526.52,12885.47,5.3,3.9,7036.24871361,0.2,-0.8,49.5,49.5,47.6,48.3,51.7,47.9
2024-07-01,5.2,-10.2,-23.2,-18.6,8.2,3033060.78,2511136.9,1386.88,5.1,3.6,6078.22278875,0.5,-0.8,49.4,49.3,47.8,47.8,49.9,46.3
2024-08-01,5.1,-10.2,-22.5,-18.0,8.1,3050461.27,2520166.54,6115.19,4.5,3.4,6531.25183859,0.6,-1.8,49.1,48.9,47.6,48.5,43.2,42.0
2024-09-01,4.6,-10.1,-22.2,-17.1,8.0,3094798.24,2536108.31,11875.49,5.4,3.4,5829.71127835,0.4,-2.8,49.8,49.9,47.7,48.4,45.1,44.0
2024-10-01,3.9,-10.3,-22.6,-15.8,7.8,3097092.01,2541043.57,2812.0,5.3,3.4,6791.22310872,0.3,-2.9,50.1,50.0,48.2,46.9,53.4,49.9
2024-11-01,3.3,-10.4,-23.0,-14.3,7.8,3119587.27,2546826.79,5176.64,5.4,3.3,6920.05772,0.2,-2.5,50.3,50.8,48.2,47.4,49.8,47.7
2024-12-01,3.3,-10.6,-23.0,-12.9,8.0,3135322.3,2556778.21,3395.47,6.2,3.2,7553.42775713,0.1,-2.3,50.1,51.0,48.3,47.9,48.2,46.7
2025-01-01,,,,,8.0,3185247.18,2607690.85,38894.0,,,9919.34255022,0.5,-2.3,49.1,49.2,47.7,46.5,49.5,47.4
2025-02-01,4.2,-9.8,-29.6,-5.1,8.2,3205173.24,2617778.05,4291.34,31.01750547,4.1,2244.17047429,-0.7,-2.2,50.2,51.1,47.0,48.3,50.8,48.5
2025-03-01,4.2,-9.9,-24.4,-3.0,8.4,3260554.57,2654136.68,20810.1,7.7,4.2,7316.13476852,-0.1,-2.5,50.5,51.8,47.2,48.0,49.8,47.9
2025-04-01,3.9,-10.3,-23.8,-2.8,8.7,3251739.32,2656987.42,1279.75,6.1,4.0,6875.83676199,-0.1,-2.7,49.0,49.2,47.0,47.3,47.0,44.8
2025-05-01,3.5,-10.7,-22.8,-2.9,8.7,3257838.11,2663212.5,4072.1,5.8,3.7,7399.95119253,-0.1,-3.3,49.5,49.8,47.4,46.5,46.9,44.7
2025-06-01,3.1,-11.2,-20.0,-3.5,8.9,3302868.17,2685590.16,13412.16,6.8,2.8,8196.13840994,0.1,-3.6,49.7,50.2,48.0,48.1,48.4,46.2
2025-07-01,2.4,-12.0,-19.4,-4.0,9.0,3299429.06,2685099.78,-3629.1,5.7,1.6,6997.77272802,0.0,-3.6,49.3,49.4,47.7,47.4,51.5,48.3
2025-08-01,2.3,-12.9,-19.5,-4.7,8.8,3319831.44,2690987.15,4923.87,5.2,0.5,7256.44989759,-0.4,-2.9,49.4,49.5,48.0,46.8,53.3,49.1
2025-09-01,2.8,-13.9,-18.9,-5.5,8.7,3353771.03,2703902.22,11531.25,6.5,-0.5,6399.65829336,-0.3,-2.3,49.8,49.7,48.5,48.2,53.2,48.2
2025-10-01,3.7,-14.7,-19.8,-6.8,8.5,3351312.31,2706067.18,-418.74,4.9,-1.7,6359.13085345,0.2,-2.1,49.0,48.8,47.3,48.1,52.5,47.5
2025-11-01,4.6,-15.9,-20.5,-7.8,8.5,3369890.52,2710007.31,1736.44,4.8,-2.6,7923.88476437,0.7,-2.2,49.2,49.2,47.3,47.3,53.6,48.2
2025-12-01,3.9,-17.2,-20.4,-8.7,8.3,3402948.06,2719126.62,3491.54,5.2,-3.8,8085.54988321,0.8,-1.9,50.1,50.8,47.8,48.2,53.1,48.9
2026-01-01,,,,,8.2,3471860.39,2766180.81,35225.46,,,8659.37640343,0.2,-1.4,49.3,49.2,47.4,48.6,56.1,50.6
2026-02-01,6.6,-11.1,-23.1,-13.5,8.2,3492159.91,2775181.27,7143.37,6.30480167,1.8,6375.53998616,1.3,-0.9,49.0,48.6,47.5,45.8,54.8,50.6
2026-03-01,,,,,,,,,,,,,,50.4,51.6,47.7,46.7,63.9,55.4
